ID,birthrate,alpha,beta,aggression,mu,pushpower,N
1,1.000000,0.000000,1.000000,1.000000,10.000000,2147483647,1325
2,1.500000,0.000000,1.000000,1.000000,10.000000,2147483647,30
